{
  "metrics": {
    "precision": 0.9944167596411185,
    "recall": 0.9943883277216611,
    "f1": 0.9943910541978678,
    "accuracy": 0.9943883277216611
  },
  "train_size": 516,
  "test_size": 129,
  "feature_count": 2321
}